{
  "K30": {
    "1%": {
      "mean_ghz": 29.251081074078687,
      "sem_ghz": 1.500749494374145
    },
    "5%": {
      "mean_ghz": 64.22524766133162,
      "sem_ghz": 2.8061234096177774
    },
    "10%": {
      "mean_ghz": 92.81948055388779,
      "sem_ghz": 2.0267707971357614
    }
  },
  "K60": {
    "1%": {
      "mean_ghz": 27.228415005886138,
      "sem_ghz": 0.9573671324384512
    },
    "5%": {
      "mean_ghz": 64.53244435929435,
      "sem_ghz": 1.7203555166237057
    },
    "10%": {
      "mean_ghz": 90.05615025093915,
      "sem_ghz": 1.5766997636990114
    }
  },
  "K120": {
    "1%": {
      "mean_ghz": 27.04429204587504,
      "sem_ghz": 0.45681600031356484
    },
    "5%": {
      "mean_ghz": 62.676787530907426,
      "sem_ghz": 0.7336687023930322
    },
    "10%": {
      "mean_ghz": 90.54062532673493,
      "sem_ghz": 1.2770593125022054
    }
  },
  "K240": {
    "1%": {
      "mean_ghz": 27.611971158633143,
      "sem_ghz": 0.3161262397590137
    },
    "5%": {
      "mean_ghz": 62.15819823123707,
      "sem_ghz": 1.0550844219497129
    },
    "10%": {
      "mean_ghz": 92.4065877717174,
      "sem_ghz": 1.178243196660236
    }
  },
  "accepted_K120": true
}